<?xml version="1.0" encoding="UTF-8"?>
<!DOCTYPE mapper PUBLIC "-//mybatis.org//DTD Mapper 3.0//EN" "http://mybatis.org/dtd/mybatis-3-mapper.dtd">
<mapper namespace="com.ceco.module.dao.ConfDeviceMapper">


    <select id="selectConfDeviceList" resultType="com.ceco.channel.admin.model.resp.DeviceModelResp">
        SELECT dm.model_name as modelName,dm.device_type as deviceType,dm.img_url as imgUrl,dm.img_icon as imgIcon,
        dm.create_name as createName,dm.create_time as createTime
        ,cd.conf_id as confId ,dm.id as id FROM ce_device_model dm JOIN ce_conf_device cd ON dm.id = cd.device_model_id
       where cd.conf_id IN
        <foreach collection="confIdList" item="id" index="index" open="(" close=")" separator=",">
            #{id}
        </foreach>
        <if test="deviceModelIdList !=null and deviceModelIdList.size >0">
            and cd.device_model_id in
            <foreach collection="deviceModelIdList" item="id" index="index" open="(" close=")" separator=",">
                #{id}
            </foreach>
        </if>
    </select>


</mapper>
