<?xml version="1.0" encoding="UTF-8"?>
<!DOCTYPE mapper PUBLIC "-//mybatis.org//DTD Mapper 3.0//EN" "http://mybatis.org/dtd/mybatis-3-mapper.dtd">
<mapper namespace="com.ceco.module.dao.DeviceMapper">


    <select id="selectUserDetailDevice"  resultType="com.ceco.channel.admin.model.resp.AppUserDeviceResp">
        SELECT h.id as homeId,h.name as homeName,r.id as roomId,r.name as roomName,d.id as deviceId,d.name as deviceName,d.serial_no as serialNo
                                        FROM ce_room_device rd
                                        JOIN ce_room r ON rd.room_id = r.id
                                        JOIN ce_home h ON r.home_id = h.id
                                        JOIN ce_device d on d.id = rd.device_id
                                        WHERE r.app_user_id = #{userId}
    </select>


    <select id="selectGroupDevice"  resultType="com.ceco.channel.app.model.resp.DeviceResp">
        SELECT d.id as id,d.name as name,d.serial_no as serialNo,g.id as groupId,dm.img_url as imgUrl
                                        FROM ce_device d
                                        JOIN ce_group_device gd on d.id = gd.device_id
                                        JOIN ce_group g ON g.id = gd.group_id
                                        LEFT JOIN ce_device_model dm ON d.product_key = dm.product_key
                                        WHERE g.app_user_id = #{appUserId}
    </select>


    <select id="selectRoomDevice"  resultType="com.ceco.channel.app.model.resp.DeviceResp">
        SELECT d.id as id,d.name as name,d.serial_no as serialNo,r.id as roomId ,r.name as roomName,d.product_key as productKey
                                        FROM ce_room_device rd
                                        JOIN ce_room r ON rd.room_id = r.id
                                        JOIN ce_home h ON r.home_id = h.id
                                        JOIN ce_device d on d.id = rd.device_id
                                        WHERE h.id = #{homeId}
                                        <if test="roomId !=null and roomId !=''">
                                            and r.id = #{roomId}
                                        </if>
    </select>




</mapper>
