<?xml version="1.0" encoding="UTF-8"?>
<!DOCTYPE xml>
<configuration>
    <include resource="org/springframework/boot/logging/logback/base.xml" />
    <include resource="org/springframework/boot/logging/logback/console-appender.xml" />

    <!--定义日志文件的存储地址 勿在 LogBack 的配置中使用相对路径 -->
    <property name="LOG_HOME" value="./logs" />

    <!-- 彩色日志 -->
    <!-- 彩色日志依赖的渲染类 -->
    <conversionRule conversionWord="clr" converterClass="org.springframework.boot.logging.logback.ColorConverter" />
    <conversionRule conversionWord="wex" converterClass="org.springframework.boot.logging.logback.WhitespaceThrowableProxyConverter" />
    <conversionRule conversionWord="wEx" converterClass="org.springframework.boot.logging.logback.ExtendedWhitespaceThrowableProxyConverter" />

    <!-- 全量日志文件 -->
    <appender name="FILE" class="ch.qos.logback.core.rolling.RollingFileAppender">
        <rollingPolicy class="ch.qos.logback.core.rolling.SizeAndTimeBasedRollingPolicy">
            <!--日志文件输出的文件名 -->
            <FileNamePattern>${LOG_HOME}/ceco-lot.%d{yyyy-MM-dd}.%i.log</FileNamePattern>
            <!--日志文件保留天数 -->
            <maxFileSize>10MB</maxFileSize>
            <MaxHistory>30</MaxHistory> 
        </rollingPolicy>
        <encoder class="ch.qos.logback.classic.encoder.PatternLayoutEncoder">
            <!--格式化输出：%d表示日期，%thread表示线程名，%-5level：级别从左显示5个字符宽度%msg：日志消息，%n是换行符 -->
            <pattern>%d{yyyy-MM-dd HH:mm:ss.SSS} [%thread] %-5level %logger{50} -%msg%n</pattern>
            <charset>UTF-8</charset>
        </encoder>
        <!--日志文件最大的大小 -->
        <!-- <triggeringPolicy class="ch.qos.logback.core.rolling.SizeBasedTriggeringPolicy">
                <MaxFileSize>10MB</MaxFileSize>
        </triggeringPolicy> -->
    </appender>
	
    <!-- 错误日志文件 -->
    <appender name="FILE_ERROR" class="ch.qos.logback.core.rolling.RollingFileAppender">
        <filter class="ch.qos.logback.classic.filter.ThresholdFilter">
            <level>ERROR</level>
        </filter>
        <rollingPolicy class="ch.qos.logback.core.rolling.SizeAndTimeBasedRollingPolicy">
            <!--日志文件输出的文件名 -->
            <FileNamePattern>${LOG_HOME}/zflive-error.%d{yyyy-MM-dd}.%i.log</FileNamePattern>
            <!--日志文件保留天数 -->
            <maxFileSize>10MB</maxFileSize> 
            <MaxHistory>30</MaxHistory>
        </rollingPolicy>
        <encoder class="ch.qos.logback.classic.encoder.PatternLayoutEncoder">
            <!--格式化输出：%d表示日期，%thread表示线程名，%-5level：级别从左显示5个字符宽度%msg：日志消息，%n是换行符 -->
            <pattern>%d{yyyy-MM-dd HH:mm:ss.SSS} [%thread] %-5level %logger{50} -%msg%n</pattern>
            <charset>UTF-8</charset>
        </encoder>
        <!--日志文件最大的大小 -->
        <!-- <triggeringPolicy class="ch.qos.logback.core.rolling.SizeBasedTriggeringPolicy">
                <MaxFileSize>10MB</MaxFileSize>
        </triggeringPolicy> -->
    </appender>
	
    <!-- 日志输出级别 -->
    <root level="INFO">
        <appender-ref ref="FILE" />
        <appender-ref ref="FILE_ERROR" />
    </root>

    <!-- 开发、测试环境 -->
    <springProfile name="dev,dev">
        <logger name="com.ceco" level="DEBUG" />
    </springProfile>


	<springProfile name="pro">
        <logger name="com.ceco" level="INFO" />
    </springProfile>
</configuration>